0,track#0,0
1,track#1,0
2,track#2,0
3,track#0,0
4,track#1,0
5,track#2,0
6,track#3,0
7,track#0,0
8,track#1,0
9,track#2,0
10,track#3,0
11,track#4,0
12,track#0,1
13,track#1,1
14,track#2,1
15,track#3,1
16,track#0,1
17,track#1,1
18,track#2,1
19,track#0,1
20,track#1,1
21,track#2,1
22,track#3,1
23,track#4,1
24,track#5,1
25,track#6,1
26,track#0,2
27,track#1,2
28,track#2,2
29,track#3,2
30,track#4,2
31,track#5,2
32,track#6,2
33,track#0,2
34,track#1,2
35,track#2,2
36,track#3,2
37,track#4,2
38,track#5,2
39,track#0,2
40,track#1,2
41,track#2,2
42,track#3,2
43,track#0,3
44,track#1,3
45,track#2,3
46,track#3,3
47,track#4,3
48,track#5,3
49,track#6,3
50,track#7,3
51,track#0,3
52,track#1,3
53,track#2,3
54,track#3,3
55,track#4,3
56,track#0,3
57,track#1,3
58,track#2,3
59,track#3,3
60,track#0,4
61,track#1,4
62,track#2,4
63,track#3,4
64,track#4,4
65,track#5,4
66,track#6,4
67,track#7,4
68,track#0,4
69,track#1,4
70,track#2,4
71,track#3,4
72,track#4,4
73,track#0,4
74,track#1,4
75,track#2,4
76,track#0,5
77,track#1,5
78,track#2,5
79,track#0,5
80,track#1,5
81,track#2,5
82,track#3,5
83,track#4,5
84,track#5,5
85,track#6,5
86,track#7,5
87,track#0,5
88,track#1,5
89,track#2,5
